{"cameraMode":{"drawMode":0,"name":"Shaded","section":"Shading Mode"},"sceneLighting":true,"audioPlay":false,"sceneViewState":{"m_AlwaysRefresh":false,"showFog":true,"showSkybox":true,"showFlares":true,"showImageEffects":true,"showParticleSystems":true,"showVisualEffectGraphs":true,"m_FxEnabled":true},"in2DMode":false,"pivot":{"x":-0.07881474494934082,"y":1.3931419849395753,"z":-4.673682689666748},"rotation":{"x":0.0010390009265393019,"y":-0.9377966523170471,"z":0.0028252063784748317,"w":0.3472154140472412},"size":2.8015995025634767,"orthographic":false}