{"cameraMode":{"drawMode":0,"name":"Shaded","section":"Shading Mode"},"sceneLighting":true,"audioPlay":false,"sceneViewState":{"m_AlwaysRefresh":false,"showFog":true,"showSkybox":true,"showFlares":true,"showImageEffects":true,"showParticleSystems":true,"showVisualEffectGraphs":true,"m_FxEnabled":true},"in2DMode":false,"pivot":{"x":1.3677875995635987,"y":4.036828517913818,"z":-1.5594234466552735},"rotation":{"x":0.08336645364761353,"y":0.11365194618701935,"z":-0.009556534700095654,"w":0.9899815320968628},"size":2.8015995025634767,"orthographic":false}